timestamp,model,prompt,response,latency,temperature,max_tokens,top_p,top_k,repetition_penalty,use_chat
2025-05-27T22:18:12.072394,deepseek-ai/DeepSeek-V3,Who is Dazza Greenwood and what is he best know for?  Also what institutions is he affiliated with and what are his points of view regarding generative AI and law?,"  

assistant: Dazza Greenwood is a legal technologist, entrepreneur, and researcher known for his work at the intersection of law, technology, and policy. He is best known for his contributions to digital identity, smart contracts, and the legal implications of emerging technologies, including artificial intelligence (AI).

### **Institutional Affiliations**  
Greenwood has been affiliated with several prominent institutions, including:  
1. **MIT Media Lab** – He has worked as a research scientist and lecturer, focusing on digital identity, blockchain, and legal innovation.  
2. **MIT Connection Science** – He has contributed to research on digital trust and decentralized systems.  
3. **Harvard Law School’s Berkman Klein Center for Internet & Society** – He has been involved in projects related to digital governance and legal frameworks for technology.  
4. **Civics.com** – He founded this consultancy to explore the intersection of law, technology, and civic engagement.  

### **Views on Generative AI and Law**  
Greenwood’s perspectives on generative AI and law include:  
1. **Legal Adaptation & Policy Innovation** – He advocates for legal systems to evolve in response to AI advancements, emphasizing the need for adaptive governance models.  
2. **AI in Contracting & Legal Processes** – He explores how generative AI can assist in drafting contracts, automating legal workflows, and improving access to justice.  
3. **Ethical & Regulatory Challenges** – He highlights risks such as AI-generated misinformation, bias, and accountability gaps, calling for responsible AI deployment.  
4. **Digital Identity & AI** – He examines how AI intersects with digital identity verification and authentication in legal contexts.  

Greenwood often emphasizes **collaboration between technologists, policymakers, and legal experts** to ensure AI is developed and regulated in ways that serve the public interest. His work blends technical innovation with legal and ethical considerations.  

Would you like details on any specific projects or publications of his?",20.339853048324585,0.7,1024,0.7,50,1.0,True
